{"cameraMode":{"drawMode":0,"name":"Shaded","section":"Shading Mode"},"sceneLighting":true,"audioPlay":false,"sceneViewState":{"m_AlwaysRefresh":false,"showFog":true,"showSkybox":true,"showFlares":true,"showImageEffects":true,"showParticleSystems":true,"showVisualEffectGraphs":true,"m_FxEnabled":true},"in2DMode":false,"pivot":{"x":-3.656165361404419,"y":0.8984860181808472,"z":-0.7767782211303711},"rotation":{"x":0.13022929430007935,"y":-0.06563624739646912,"z":0.00813869945704937,"w":0.9896330237388611},"size":0.5060367584228516,"orthographic":false}