{"cameraMode":{"drawMode":0,"name":"Shaded","section":"Shading Mode"},"sceneLighting":true,"audioPlay":false,"sceneViewState":{"m_AlwaysRefresh":false,"showFog":true,"showSkybox":true,"showFlares":true,"showImageEffects":true,"showParticleSystems":true,"showVisualEffectGraphs":true,"m_FxEnabled":true},"in2DMode":false,"pivot":{"x":1.4650927782058716,"y":1.393979787826538,"z":-3.101331949234009},"rotation":{"x":0.015357308089733124,"y":-0.9829534292221069,"z":-0.09281793236732483,"w":-0.15985868871212007},"size":0.22563567757606507,"orthographic":false}