{"cameraMode":{"drawMode":0,"name":"Shaded","section":"Shading Mode"},"sceneLighting":true,"audioPlay":false,"sceneViewState":{"m_AlwaysRefresh":false,"showFog":true,"showSkybox":true,"showFlares":true,"showImageEffects":true,"showParticleSystems":true,"showVisualEffectGraphs":true,"m_FxEnabled":true},"in2DMode":false,"pivot":{"x":0.49976295232772829,"y":0.3807393014431,"z":-0.5071204900741577},"rotation":{"x":-0.0012905457988381386,"y":0.9770442843437195,"z":-0.00617836182937026,"w":-0.21342691779136659},"size":0.416485071182251,"orthographic":false}