{"cameraMode":{"drawMode":0,"name":"Shaded","section":"Shading Mode"},"sceneLighting":false,"audioPlay":false,"sceneViewState":{"m_AlwaysRefresh":false,"showFog":true,"showSkybox":false,"showFlares":true,"showImageEffects":true,"showParticleSystems":true,"showVisualEffectGraphs":true,"m_FxEnabled":true},"in2DMode":false,"pivot":{"x":-2.716418981552124,"y":0.1555749922990799,"z":-0.5266990661621094},"rotation":{"x":0.06439544260501862,"y":-0.3671036660671234,"z":0.02549508400261402,"w":0.9276522994041443},"size":0.22159282863140107,"orthographic":false}