{"cameraMode":{"drawMode":0,"name":"Shaded","section":"Shading Mode"},"sceneLighting":false,"audioPlay":false,"sceneViewState":{"m_AlwaysRefresh":false,"showFog":true,"showSkybox":false,"showFlares":true,"showImageEffects":true,"showParticleSystems":true,"showVisualEffectGraphs":true,"m_FxEnabled":true},"in2DMode":false,"pivot":{"x":0.7067462205886841,"y":-0.35811352729797366,"z":0.08263711631298065},"rotation":{"x":0.1513533890247345,"y":0.6851651668548584,"z":-0.14883196353912354,"w":0.6967716217041016},"size":1.5598746538162232,"orthographic":false}