{"cameraMode":{"drawMode":0,"name":"Shaded","section":"Shading Mode"},"sceneLighting":false,"audioPlay":false,"sceneViewState":{"m_AlwaysRefresh":false,"showFog":true,"showSkybox":false,"showFlares":true,"showImageEffects":true,"showParticleSystems":true,"showVisualEffectGraphs":true,"m_FxEnabled":true},"in2DMode":false,"pivot":{"x":4.549787521362305,"y":-1.9735558032989503,"z":-0.09378020465373993},"rotation":{"x":0.16497153043746949,"y":0.683951199054718,"z":-0.16349025070667268,"w":0.6921240091323853},"size":3.0392794609069826,"orthographic":false}