{"cameraMode":{"drawMode":0,"name":"Shaded","section":"Shading Mode"},"sceneLighting":true,"audioPlay":false,"sceneViewState":{"m_AlwaysRefresh":false,"showFog":true,"showSkybox":true,"showFlares":true,"showImageEffects":true,"showParticleSystems":true,"showVisualEffectGraphs":true,"m_FxEnabled":true},"in2DMode":false,"pivot":{"x":0.8409537672996521,"y":-0.2532971501350403,"z":-2.4523587226867677},"rotation":{"x":-0.007205667905509472,"y":-0.9917515516281128,"z":0.11053856462240219,"w":-0.06465698778629303},"size":1.6540709733963013,"orthographic":false}