{"cameraMode":{"drawMode":0,"name":"Shaded","section":"Shading Mode"},"sceneLighting":false,"audioPlay":false,"sceneViewState":{"m_AlwaysRefresh":false,"showFog":true,"showSkybox":false,"showFlares":true,"showImageEffects":true,"showParticleSystems":true,"showVisualEffectGraphs":true,"m_FxEnabled":true},"in2DMode":false,"pivot":{"x":-0.9564037322998047,"y":-0.6478672623634338,"z":0.4113731384277344},"rotation":{"x":0.24559888243675233,"y":-0.4760402739048004,"z":0.14042417705059052,"w":0.8327381610870361},"size":0.993739128112793,"orthographic":false}