{"cameraMode":{"drawMode":0,"name":"Shaded","section":"Shading Mode"},"sceneLighting":false,"audioPlay":false,"sceneViewState":{"m_AlwaysRefresh":false,"showFog":true,"showSkybox":false,"showFlares":true,"showImageEffects":true,"showParticleSystems":true,"showVisualEffectGraphs":true,"m_FxEnabled":true},"in2DMode":false,"pivot":{"x":-0.33138489723205569,"y":-0.13281595706939698,"z":0.4924454689025879},"rotation":{"x":0.12679371237754823,"y":-0.18078459799289704,"z":0.023522524163126947,"w":0.9750835299491882},"size":3.802513599395752,"orthographic":false}